year,endpoint,ID
2017,AB,GUT_jen_24_0024h_AB_m1_FBS00_002mL_nn_in_no_D_16251-77-7
2017,CFDA,GUT_jen_24_0024h_CF_m1_FBS00_002mL_nn_in_no_D_16251-77-7
2017,NR,GUT_jen_24_0024h_NR_m1_FBS00_002mL_nn_in_no_D_16251-77-7
2017,AB,GUT_jen_24_0024h_AB_m1_FBS00_002mL_nn_in_me_D_Vulcanolide
2017,CFDA,GUT_jen_24_0024h_CF_m1_FBS00_002mL_nn_in_me_D_Vulcanolide
2017,NR,GUT_jen_24_0024h_NR_m1_FBS00_002mL_nn_in_me_D_Vulcanolide
2018,AB,GUT_jen_24_0024h_AB_m1_FBS00_002mL_nn_in_me_D_134-20-3
2018,CFDA,GUT_jen_24_0024h_CF_m1_FBS00_002mL_nn_in_me_D_134-20-3
2018,NR,GUT_jen_24_0024h_NR_m1_FBS00_002mL_nn_in_me_D_134-20-3
2018,AB,GUT_jen_24_0024h_AB_m1_FBS00_002mL_nn_in_me_D_285977-85-7
2018,CFDA,GUT_jen_24_0024h_CF_m1_FBS00_002mL_nn_in_me_D_285977-85-7
2018,NR,GUT_jen_24_0024h_NR_m1_FBS00_002mL_nn_in_me_D_285977-85-7
2018,AB,GUT_jen_24_0024h_AB_m1_FBS00_002mL_nn_in_me_D_97-53-0
2018,CFDA,GUT_jen_24_0024h_CF_m1_FBS00_002mL_nn_in_me_D_97-53-0
2018,NR,GUT_jen_24_0024h_NR_m1_FBS00_002mL_nn_in_me_D_97-53-0
2018,AB,GIL_jen_24_0024h_AB_m1_FBS00_002mL_nn_in_no_D_97-53-0
2018,CFDA,GIL_jen_24_0024h_CF_m1_FBS00_002mL_nn_in_no_D_97-53-0
2018,NR,GIL_jen_24_0024h_NR_m1_FBS00_002mL_nn_in_no_D_97-53-0
2018,AB,GIL_jen_24_0024h_AB_m1_FBS00_002mL_nn_in_no_D_Alpinolide
2018,CFDA,GIL_jen_24_0024h_CF_m1_FBS00_002mL_nn_in_no_D_Alpinolide
2018,NR,GIL_jen_24_0024h_NR_m1_FBS00_002mL_nn_in_no_D_Alpinolide
2018,AB,GUT_jen_24_0024h_AB_m1_FBS00_002mL_nn_in_no_D_Alpinolide
2018,CFDA,GUT_jen_24_0024h_CF_m1_FBS00_002mL_nn_in_no_D_Alpinolide
2018,NR,GUT_jen_24_0024h_NR_m1_FBS00_002mL_nn_in_no_D_Alpinolide
2016,AB,GUT_the_24_0216h_AB_m2_FBS50_0.3mL_yn_in_me_X_7440-22-4
2016,CFDA,GUT_the_24_0216h_CF_m2_FBS50_0.3mL_yn_in_me_X_7440-22-4
2016,AB,GUT_the_24_0408h_AB_m2_FBS50_0.3mL_yn_in_me_X_7440-22-4
2016,CFDA,GUT_the_24_0408h_CF_m2_FBS50_0.3mL_yn_in_me_X_7440-22-4
2016,AB,GUT_the_24_0216h_AB_m2_FBS10_0.3mL_yn_in_me_X_7440-22-4
2016,CFDA,GUT_the_24_0216h_CF_m2_FBS10_0.3mL_yn_in_me_X_7440-22-4
2016,AB,GUT_the_24_0408h_AB_m2_FBS10_0.3mL_yn_in_me_X_7440-22-4
2016,CFDA,GUT_the_24_0408h_CF_m2_FBS10_0.3mL_yn_in_me_X_7440-22-4
2016,AB,GUT_the_24_0216h_AB_m2_FBS00_0.3mL_yn_in_me_X_7440-22-4
2016,CFDA,GUT_the_24_0216h_CF_m2_FBS00_0.3mL_yn_in_me_X_7440-22-4
2016,AB,GUT_the_24_0408h_AB_m2_FBS00_0.3mL_yn_in_me_X_7440-22-4
2016,CFDA,GUT_the_24_0408h_CF_m2_FBS00_0.3mL_yn_in_me_X_7440-22-4
2016,AB,GUT_the_24_0216h_AB_m1_FBS00_0.3mL_yn_in_me_X_7440-22-4
2016,CFDA,GUT_the_24_0216h_CF_m1_FBS00_0.3mL_yn_in_me_X_7440-22-4
2016,AB,GUT_the_24_0408h_AB_m1_FBS00_0.3mL_yn_in_me_X_7440-22-4
2016,CFDA,GUT_the_24_0408h_CF_m1_FBS00_0.3mL_yn_in_me_X_7440-22-4
2016,AB,GUT_the_24_0192h_AB_m2_FBS50_0.3mL_yn_in_me_X_7440-22-4
2016,CFDA,GUT_the_24_0192h_CF_m2_FBS50_0.3mL_yn_in_me_X_7440-22-4
2016,AB,GUT_the_24_0360h_AB_m2_FBS50_0.3mL_yn_in_me_X_7440-22-4
2016,CFDA,GUT_the_24_0360h_CF_m2_FBS50_0.3mL_yn_in_me_X_7440-22-4
2016,AB,GUT_the_24_0528h_AB_m2_FBS50_0.3mL_yn_in_me_X_7440-22-4
2016,CFDA,GUT_the_24_0528h_CF_m2_FBS50_0.3mL_yn_in_me_X_7440-22-4
2016,AB,GUT_the_24_0003h_AB_m7_FBS00_0.3mL_yn_in_me_X_7440-22-4
2016,CFDA,GUT_the_24_0003h_CF_m7_FBS00_0.3mL_yn_in_me_X_7440-22-4
2016,AB,GUT_the_24_0024h_AB_m7_FBS00_0.3mL_yn_in_me_X_7440-22-4
2016,CFDA,GUT_the_24_0024h_CF_m7_FBS00_0.3mL_yn_in_me_X_7440-22-4
2016,AB,GUT_the_24_0072h_AB_m7_FBS00_0.3mL_yn_in_me_X_7440-22-4
2016,CFDA,GUT_the_24_0072h_CF_m7_FBS00_0.3mL_yn_in_me_X_7440-22-4
2016,AB,GUT_the_24_0168h_AB_m7_FBS00_0.3mL_yn_in_me_X_7440-22-4
2016,CFDA,GUT_the_24_0168h_CF_m7_FBS00_0.3mL_yn_in_me_X_7440-22-4
2016,AB,GUT_the_24_0336h_AB_m7_FBS00_0.3mL_yn_in_me_X_7440-22-4
2016,CFDA,GUT_the_24_0336h_CF_m7_FBS00_0.3mL_yn_in_me_X_7440-22-4
2016,AB,GUT_the_24_0003h_AB_m7_FBS50_0.3mL_yn_in_me_X_7440-22-4
2016,CFDA,GUT_the_24_0003h_CF_m7_FBS50_0.3mL_yn_in_me_X_7440-22-4
2016,AB,GUT_the_24_0024h_AB_m7_FBS50_0.3mL_yn_in_me_X_7440-22-4
2016,CFDA,GUT_the_24_0024h_CF_m7_FBS50_0.3mL_yn_in_me_X_7440-22-4
2016,AB,GUT_the_24_0072h_AB_m7_FBS50_0.3mL_yn_in_me_X_7440-22-4
2016,CFDA,GUT_the_24_0072h_CF_m7_FBS50_0.3mL_yn_in_me_X_7440-22-4
2016,AB,GUT_the_24_0168h_AB_m7_FBS50_0.3mL_yn_in_me_X_7440-22-4
2016,CFDA,GUT_the_24_0168h_CF_m7_FBS50_0.3mL_yn_in_me_X_7440-22-4
2016,AB,GUT_the_24_0336h_AB_m7_FBS50_0.3mL_yn_in_me_X_7440-22-4
2016,CFDA,GUT_the_24_0336h_CF_m7_FBS50_0.3mL_yn_in_me_X_7440-22-4
2016,AB,GUT_viv_96_0004h_AB_m1_FBS00_0.2mL_nn_in_no_D_141-43-5
2016,CFDA,GUT_viv_96_0004h_CF_m1_FBS00_0.2mL_nn_in_no_D_141-43-5
2016,NR,GUT_viv_96_0004h_NR_m1_FBS00_0.2mL_nn_in_no_D_141-43-5
2016,AB,GUT_viv_96_0024h_AB_m1_FBS00_0.2mL_nn_in_no_D_141-43-5
2016,CFDA,GUT_viv_96_0024h_CF_m1_FBS00_0.2mL_nn_in_no_D_141-43-5
2016,NR,GUT_viv_96_0024h_NR_m1_FBS00_0.2mL_nn_in_no_D_141-43-5
2016,AB,GUT_viv_96_0004h_AB_m1_FBS00_0.2mL_nn_in_no_X_106-48-9
2016,CFDA,GUT_viv_96_0004h_CF_m1_FBS00_0.2mL_nn_in_no_X_106-48-9
2016,NR,GUT_viv_96_0004h_NR_m1_FBS00_0.2mL_nn_in_no_X_106-48-9
2016,AB,GUT_viv_96_0024h_AB_m1_FBS00_0.2mL_nn_in_no_X_106-48-9
2016,CFDA,GUT_viv_96_0024h_CF_m1_FBS00_0.2mL_nn_in_no_X_106-48-9
2016,NR,GUT_viv_96_0024h_NR_m1_FBS00_0.2mL_nn_in_no_X_106-48-9
2016,AB,GUT_viv_96_0004h_AB_m1_FBS00_0.2mL_nn_in_no_X_371-40-4
2016,CFDA,GUT_viv_96_0004h_CF_m1_FBS00_0.2mL_nn_in_no_X_371-40-4
2016,NR,GUT_viv_96_0004h_NR_m1_FBS00_0.2mL_nn_in_no_X_371-40-4
2016,AB,GUT_viv_96_0024h_AB_m1_FBS00_0.2mL_nn_in_no_X_371-40-4
2016,CFDA,GUT_viv_96_0024h_CF_m1_FBS00_0.2mL_nn_in_no_X_371-40-4
2016,NR,GUT_viv_96_0024h_NR_m1_FBS00_0.2mL_nn_in_no_X_371-40-4
2016,AB,GUT_viv_96_0004h_AB_m1_FBS00_0.2mL_nn_in_no_X_140-66-9
2016,CFDA,GUT_viv_96_0004h_CF_m1_FBS00_0.2mL_nn_in_no_X_140-66-9
2016,NR,GUT_viv_96_0004h_NR_m1_FBS00_0.2mL_nn_in_no_X_140-66-9
2016,AB,GUT_viv_96_0024h_AB_m1_FBS00_0.2mL_nn_in_no_X_140-66-9
2016,CFDA,GUT_viv_96_0024h_CF_m1_FBS00_0.2mL_nn_in_no_X_140-66-9
2016,NR,GUT_viv_96_0024h_NR_m1_FBS00_0.2mL_nn_in_no_X_140-66-9
2016,AB,GUT_viv_96_0004h_AB_m1_FBS00_0.2mL_nn_in_no_X_107-02-8
2016,CFDA,GUT_viv_96_0004h_CF_m1_FBS00_0.2mL_nn_in_no_X_107-02-8
2016,NR,GUT_viv_96_0004h_NR_m1_FBS00_0.2mL_nn_in_no_X_107-02-8
2016,AB,GUT_viv_96_0024h_AB_m1_FBS00_0.2mL_nn_in_no_X_107-02-8
2016,CFDA,GUT_viv_96_0024h_CF_m1_FBS00_0.2mL_nn_in_no_X_107-02-8
2016,NR,GUT_viv_96_0024h_NR_m1_FBS00_0.2mL_nn_in_no_X_107-02-8
2016,AB,GUT_viv_96_0004h_AB_m1_FBS00_0.2mL_nn_in_no_X_62-53-3
2016,CFDA,GUT_viv_96_0004h_CF_m1_FBS00_0.2mL_nn_in_no_X_62-53-3
2016,NR,GUT_viv_96_0004h_NR_m1_FBS00_0.2mL_nn_in_no_X_62-53-3
2016,AB,GUT_viv_96_0024h_AB_m1_FBS00_0.2mL_nn_in_no_X_62-53-3
2016,CFDA,GUT_viv_96_0024h_CF_m1_FBS00_0.2mL_nn_in_no_X_62-53-3
2016,NR,GUT_viv_96_0024h_NR_m1_FBS00_0.2mL_nn_in_no_X_62-53-3
2016,AB,GUT_viv_96_0004h_AB_m1_FBS00_0.2mL_nn_in_no_X_58-08-2
2016,CFDA,GUT_viv_96_0004h_CF_m1_FBS00_0.2mL_nn_in_no_X_58-08-2
2016,NR,GUT_viv_96_0004h_NR_m1_FBS00_0.2mL_nn_in_no_X_58-08-2
2016,AB,GUT_viv_96_0024h_AB_m1_FBS00_0.2mL_nn_in_no_X_58-08-2
2016,CFDA,GUT_viv_96_0024h_CF_m1_FBS00_0.2mL_nn_in_no_X_58-08-2
2016,NR,GUT_viv_96_0024h_NR_m1_FBS00_0.2mL_nn_in_no_X_58-08-2
2016,AB,GUT_viv_96_0004h_AB_m1_FBS00_0.2mL_nn_in_no_X_84-74-2
2016,CFDA,GUT_viv_96_0004h_CF_m1_FBS00_0.2mL_nn_in_no_X_84-74-2
2016,NR,GUT_viv_96_0004h_NR_m1_FBS00_0.2mL_nn_in_no_X_84-74-2
2016,AB,GUT_viv_96_0024h_AB_m1_FBS00_0.2mL_nn_in_no_X_84-74-2
2016,CFDA,GUT_viv_96_0024h_CF_m1_FBS00_0.2mL_nn_in_no_X_84-74-2
2016,NR,GUT_viv_96_0024h_NR_m1_FBS00_0.2mL_nn_in_no_X_84-74-2
2016,AB,GUT_viv_96_0004h_AB_m1_FBS00_0.2mL_nn_in_no_X_95-76-1
2016,CFDA,GUT_viv_96_0004h_CF_m1_FBS00_0.2mL_nn_in_no_X_95-76-1
2016,NR,GUT_viv_96_0004h_NR_m1_FBS00_0.2mL_nn_in_no_X_95-76-1
2016,AB,GUT_viv_96_0024h_AB_m1_FBS00_0.2mL_nn_in_no_X_95-76-1
2016,CFDA,GUT_viv_96_0024h_CF_m1_FBS00_0.2mL_nn_in_no_X_95-76-1
2016,NR,GUT_viv_96_0024h_NR_m1_FBS00_0.2mL_nn_in_no_X_95-76-1
2016,AB,GUT_viv_96_0004h_AB_m1_FBS00_0.2mL_nn_in_no_X_97-23-4
2016,CFDA,GUT_viv_96_0004h_CF_m1_FBS00_0.2mL_nn_in_no_X_97-23-4
2016,NR,GUT_viv_96_0004h_NR_m1_FBS00_0.2mL_nn_in_no_X_97-23-4
2016,AB,GUT_viv_96_0024h_AB_m1_FBS00_0.2mL_nn_in_no_X_97-23-4
2016,CFDA,GUT_viv_96_0024h_CF_m1_FBS00_0.2mL_nn_in_no_X_97-23-4
2016,NR,GUT_viv_96_0024h_NR_m1_FBS00_0.2mL_nn_in_no_X_97-23-4
2016,AB,GUT_viv_96_0004h_AB_m1_FBS00_0.2mL_nn_in_no_X_84-66-2
2016,CFDA,GUT_viv_96_0004h_CF_m1_FBS00_0.2mL_nn_in_no_X_84-66-2
2016,NR,GUT_viv_96_0004h_NR_m1_FBS00_0.2mL_nn_in_no_X_84-66-2
2016,AB,GUT_viv_96_0024h_AB_m1_FBS00_0.2mL_nn_in_no_X_84-66-2
2016,CFDA,GUT_viv_96_0024h_CF_m1_FBS00_0.2mL_nn_in_no_X_84-66-2
2016,NR,GUT_viv_96_0024h_NR_m1_FBS00_0.2mL_nn_in_no_X_84-66-2
2016,AB,GUT_viv_96_0004h_AB_m1_FBS00_0.2mL_nn_in_no_X_51-28-5
2016,CFDA,GUT_viv_96_0004h_CF_m1_FBS00_0.2mL_nn_in_no_X_51-28-5
2016,NR,GUT_viv_96_0004h_NR_m1_FBS00_0.2mL_nn_in_no_X_51-28-5
2016,AB,GUT_viv_96_0024h_AB_m1_FBS00_0.2mL_nn_in_no_X_51-28-5
2016,CFDA,GUT_viv_96_0024h_CF_m1_FBS00_0.2mL_nn_in_no_X_51-28-5
2016,NR,GUT_viv_96_0024h_NR_m1_FBS00_0.2mL_nn_in_no_X_51-28-5
2016,AB,GUT_viv_96_0004h_AB_m1_FBS00_0.2mL_nn_in_no_X_75-07-0
2016,CFDA,GUT_viv_96_0004h_CF_m1_FBS00_0.2mL_nn_in_no_X_75-07-0
2016,NR,GUT_viv_96_0004h_NR_m1_FBS00_0.2mL_nn_in_no_X_75-07-0
2016,AB,GUT_viv_96_0024h_AB_m1_FBS00_0.2mL_nn_in_no_X_75-07-0
2016,CFDA,GUT_viv_96_0024h_CF_m1_FBS00_0.2mL_nn_in_no_X_75-07-0
2016,NR,GUT_viv_96_0024h_NR_m1_FBS00_0.2mL_nn_in_no_X_75-07-0
2016,AB,GUT_viv_96_0004h_AB_m1_FBS00_0.2mL_nn_in_no_X_64-17-5
2016,CFDA,GUT_viv_96_0004h_CF_m1_FBS00_0.2mL_nn_in_no_X_64-17-5
2016,NR,GUT_viv_96_0004h_NR_m1_FBS00_0.2mL_nn_in_no_X_64-17-5
2016,AB,GUT_viv_96_0024h_AB_m1_FBS00_0.2mL_nn_in_no_X_64-17-5
2016,CFDA,GUT_viv_96_0024h_CF_m1_FBS00_0.2mL_nn_in_no_X_64-17-5
2016,NR,GUT_viv_96_0024h_NR_m1_FBS00_0.2mL_nn_in_no_X_64-17-5
2016,AB,GUT_viv_96_0004h_AB_m1_FBS00_0.2mL_nn_in_no_X_70-30-4
2016,CFDA,GUT_viv_96_0004h_CF_m1_FBS00_0.2mL_nn_in_no_X_70-30-4
2016,NR,GUT_viv_96_0004h_NR_m1_FBS00_0.2mL_nn_in_no_X_70-30-4
2016,AB,GUT_viv_96_0024h_AB_m1_FBS00_0.2mL_nn_in_no_X_70-30-4
2016,CFDA,GUT_viv_96_0024h_CF_m1_FBS00_0.2mL_nn_in_no_X_70-30-4
2016,NR,GUT_viv_96_0024h_NR_m1_FBS00_0.2mL_nn_in_no_X_70-30-4
2016,AB,GUT_viv_96_0004h_AB_m1_FBS00_0.2mL_nn_in_no_X_100-97-0
2016,CFDA,GUT_viv_96_0004h_CF_m1_FBS00_0.2mL_nn_in_no_X_100-97-0
2016,NR,GUT_viv_96_0004h_NR_m1_FBS00_0.2mL_nn_in_no_X_100-97-0
2016,AB,GUT_viv_96_0024h_AB_m1_FBS00_0.2mL_nn_in_no_X_100-97-0
2016,CFDA,GUT_viv_96_0024h_CF_m1_FBS00_0.2mL_nn_in_no_X_100-97-0
2016,NR,GUT_viv_96_0024h_NR_m1_FBS00_0.2mL_nn_in_no_X_100-97-0
2016,AB,GUT_viv_96_0004h_AB_m1_FBS00_0.2mL_nn_in_no_X_58-27-5
2016,CFDA,GUT_viv_96_0004h_CF_m1_FBS00_0.2mL_nn_in_no_X_58-27-5
2016,NR,GUT_viv_96_0004h_NR_m1_FBS00_0.2mL_nn_in_no_X_58-27-5
2016,AB,GUT_viv_96_0024h_AB_m1_FBS00_0.2mL_nn_in_no_X_58-27-5
2016,CFDA,GUT_viv_96_0024h_CF_m1_FBS00_0.2mL_nn_in_no_X_58-27-5
2016,NR,GUT_viv_96_0024h_NR_m1_FBS00_0.2mL_nn_in_no_X_58-27-5
2016,AB,GUT_viv_96_0004h_AB_m1_FBS00_0.2mL_nn_in_no_X_100-61-8
2016,CFDA,GUT_viv_96_0004h_CF_m1_FBS00_0.2mL_nn_in_no_X_100-61-8
2016,NR,GUT_viv_96_0004h_NR_m1_FBS00_0.2mL_nn_in_no_X_100-61-8
2016,AB,GUT_viv_96_0024h_AB_m1_FBS00_0.2mL_nn_in_no_X_100-61-8
2016,CFDA,GUT_viv_96_0024h_CF_m1_FBS00_0.2mL_nn_in_no_X_100-61-8
2016,NR,GUT_viv_96_0024h_NR_m1_FBS00_0.2mL_nn_in_no_X_100-61-8
2016,AB,GUT_viv_96_0004h_AB_m1_FBS00_0.2mL_nn_in_no_X_87-86-5
2016,CFDA,GUT_viv_96_0004h_CF_m1_FBS00_0.2mL_nn_in_no_X_87-86-5
2016,NR,GUT_viv_96_0004h_NR_m1_FBS00_0.2mL_nn_in_no_X_87-86-5
2016,AB,GUT_viv_96_0024h_AB_m1_FBS00_0.2mL_nn_in_no_X_87-86-5
2016,CFDA,GUT_viv_96_0024h_CF_m1_FBS00_0.2mL_nn_in_no_X_87-86-5
2016,NR,GUT_viv_96_0024h_NR_m1_FBS00_0.2mL_nn_in_no_X_87-86-5
2016,AB,GUT_viv_96_0004h_AB_m1_FBS00_0.2mL_nn_in_no_X_83-79-4
2016,CFDA,GUT_viv_96_0004h_CF_m1_FBS00_0.2mL_nn_in_no_X_83-79-4
2016,NR,GUT_viv_96_0004h_NR_m1_FBS00_0.2mL_nn_in_no_X_83-79-4
2016,AB,GUT_viv_96_0024h_AB_m1_FBS00_0.2mL_nn_in_no_X_83-79-4
2016,CFDA,GUT_viv_96_0024h_CF_m1_FBS00_0.2mL_nn_in_no_X_83-79-4
2016,NR,GUT_viv_96_0024h_NR_m1_FBS00_0.2mL_nn_in_no_X_83-79-4
2016,AB,GUT_viv_96_0004h_AB_m1_FBS00_0.2mL_nn_in_no_X_151-21-3
2016,CFDA,GUT_viv_96_0004h_CF_m1_FBS00_0.2mL_nn_in_no_X_151-21-3
2016,NR,GUT_viv_96_0004h_NR_m1_FBS00_0.2mL_nn_in_no_X_151-21-3
2016,AB,GUT_viv_96_0024h_AB_m1_FBS00_0.2mL_nn_in_no_X_151-21-3
2016,CFDA,GUT_viv_96_0024h_CF_m1_FBS00_0.2mL_nn_in_no_X_151-21-3
2016,NR,GUT_viv_96_0024h_NR_m1_FBS00_0.2mL_nn_in_no_X_151-21-3
2016,AB,GUT_viv_96_0004h_AB_m1_FBS00_0.2mL_nn_in_no_X_127-18-4
2016,CFDA,GUT_viv_96_0004h_CF_m1_FBS00_0.2mL_nn_in_no_X_127-18-4
2016,NR,GUT_viv_96_0004h_NR_m1_FBS00_0.2mL_nn_in_no_X_127-18-4
2016,AB,GUT_viv_96_0024h_AB_m1_FBS00_0.2mL_nn_in_no_X_127-18-4
2016,CFDA,GUT_viv_96_0024h_CF_m1_FBS00_0.2mL_nn_in_no_X_127-18-4
2016,NR,GUT_viv_96_0024h_NR_m1_FBS00_0.2mL_nn_in_no_X_127-18-4
2016,AB,GUT_viv_96_0004h_AB_m1_FBS00_0.2mL_nn_in_no_X_67-66-3
2016,CFDA,GUT_viv_96_0004h_CF_m1_FBS00_0.2mL_nn_in_no_X_67-66-3
2016,NR,GUT_viv_96_0004h_NR_m1_FBS00_0.2mL_nn_in_no_X_67-66-3
2016,AB,GUT_viv_96_0024h_AB_m1_FBS00_0.2mL_nn_in_no_X_67-66-3
2016,CFDA,GUT_viv_96_0024h_CF_m1_FBS00_0.2mL_nn_in_no_X_67-66-3
2016,NR,GUT_viv_96_0024h_NR_m1_FBS00_0.2mL_nn_in_no_X_67-66-3
2016,AB,GUT_viv_96_0004h_AB_m1_FBS00_0.2mL_nn_in_no_X_88-06-2
2016,CFDA,GUT_viv_96_0004h_CF_m1_FBS00_0.2mL_nn_in_no_X_88-06-2
2016,NR,GUT_viv_96_0004h_NR_m1_FBS00_0.2mL_nn_in_no_X_88-06-2
2016,AB,GUT_viv_96_0024h_AB_m1_FBS00_0.2mL_nn_in_no_X_88-06-2
2016,CFDA,GUT_viv_96_0024h_CF_m1_FBS00_0.2mL_nn_in_no_X_88-06-2
2016,NR,GUT_viv_96_0024h_NR_m1_FBS00_0.2mL_nn_in_no_X_88-06-2
2016,AB,GUT_viv_96_0004h_AB_m1_FBS00_0.2mL_nn_in_no_X_15972-60-8
2016,CFDA,GUT_viv_96_0004h_CF_m1_FBS00_0.2mL_nn_in_no_X_15972-60-8
2016,NR,GUT_viv_96_0004h_NR_m1_FBS00_0.2mL_nn_in_no_X_15972-60-8
2016,AB,GUT_viv_96_0024h_AB_m1_FBS00_0.2mL_nn_in_no_X_15972-60-8
2016,CFDA,GUT_viv_96_0024h_CF_m1_FBS00_0.2mL_nn_in_no_X_15972-60-8
2016,NR,GUT_viv_96_0024h_NR_m1_FBS00_0.2mL_nn_in_no_X_15972-60-8
2016,AB,GUT_viv_96_0004h_AB_m1_FBS00_0.2mL_nn_in_no_X_1912-24-9
2016,CFDA,GUT_viv_96_0004h_CF_m1_FBS00_0.2mL_nn_in_no_X_1912-24-9
2016,NR,GUT_viv_96_0004h_NR_m1_FBS00_0.2mL_nn_in_no_X_1912-24-9
2016,AB,GUT_viv_96_0024h_AB_m1_FBS00_0.2mL_nn_in_no_X_1912-24-9
2016,CFDA,GUT_viv_96_0024h_CF_m1_FBS00_0.2mL_nn_in_no_X_1912-24-9
2016,NR,GUT_viv_96_0024h_NR_m1_FBS00_0.2mL_nn_in_no_X_1912-24-9
2016,AB,GUT_viv_96_0004h_AB_m1_FBS00_0.2mL_nn_in_no_X_470-90-6
2016,CFDA,GUT_viv_96_0004h_CF_m1_FBS00_0.2mL_nn_in_no_X_470-90-6
2016,NR,GUT_viv_96_0004h_NR_m1_FBS00_0.2mL_nn_in_no_X_470-90-6
2016,AB,GUT_viv_96_0024h_AB_m1_FBS00_0.2mL_nn_in_no_X_470-90-6
2016,CFDA,GUT_viv_96_0024h_CF_m1_FBS00_0.2mL_nn_in_no_X_470-90-6
2016,NR,GUT_viv_96_0024h_NR_m1_FBS00_0.2mL_nn_in_no_X_470-90-6
2016,AB,GUT_viv_96_0004h_AB_m1_FBS00_0.2mL_nn_in_no_X_107-06-2
2016,CFDA,GUT_viv_96_0004h_CF_m1_FBS00_0.2mL_nn_in_no_X_107-06-2
2016,NR,GUT_viv_96_0004h_NR_m1_FBS00_0.2mL_nn_in_no_X_107-06-2
2016,AB,GUT_viv_96_0024h_AB_m1_FBS00_0.2mL_nn_in_no_X_107-06-2
2016,CFDA,GUT_viv_96_0024h_CF_m1_FBS00_0.2mL_nn_in_no_X_107-06-2
2016,NR,GUT_viv_96_0024h_NR_m1_FBS00_0.2mL_nn_in_no_X_107-06-2
2016,AB,GUT_viv_96_0004h_AB_m1_FBS00_0.2mL_nn_in_no_X_206-44-0
2016,CFDA,GUT_viv_96_0004h_CF_m1_FBS00_0.2mL_nn_in_no_X_206-44-0
2016,NR,GUT_viv_96_0004h_NR_m1_FBS00_0.2mL_nn_in_no_X_206-44-0
2016,AB,GUT_viv_96_0024h_AB_m1_FBS00_0.2mL_nn_in_no_X_206-44-0
2016,CFDA,GUT_viv_96_0024h_CF_m1_FBS00_0.2mL_nn_in_no_X_206-44-0
2016,NR,GUT_viv_96_0024h_NR_m1_FBS00_0.2mL_nn_in_no_X_206-44-0
2016,AB,GUT_viv_96_0004h_AB_m1_FBS00_0.2mL_nn_in_no_X_34123-59-6
2016,CFDA,GUT_viv_96_0004h_CF_m1_FBS00_0.2mL_nn_in_no_X_34123-59-6
2016,NR,GUT_viv_96_0004h_NR_m1_FBS00_0.2mL_nn_in_no_X_34123-59-6
2016,AB,GUT_viv_96_0024h_AB_m1_FBS00_0.2mL_nn_in_no_X_34123-59-6
2016,CFDA,GUT_viv_96_0024h_CF_m1_FBS00_0.2mL_nn_in_no_X_34123-59-6
2016,NR,GUT_viv_96_0024h_NR_m1_FBS00_0.2mL_nn_in_no_X_34123-59-6
2016,AB,GUT_viv_96_0004h_AB_m1_FBS00_0.2mL_nn_in_no_X_122-34-9
2016,CFDA,GUT_viv_96_0004h_CF_m1_FBS00_0.2mL_nn_in_no_X_122-34-9
2016,NR,GUT_viv_96_0004h_NR_m1_FBS00_0.2mL_nn_in_no_X_122-34-9
2016,AB,GUT_viv_96_0024h_AB_m1_FBS00_0.2mL_nn_in_no_X_122-34-9
2016,CFDA,GUT_viv_96_0024h_CF_m1_FBS00_0.2mL_nn_in_no_X_122-34-9
2016,NR,GUT_viv_96_0024h_NR_m1_FBS00_0.2mL_nn_in_no_X_122-34-9
2016,AB,GIL_viv_96_0004h_AB_m1_FBS00_0.2mL_nn_in_no_X_141-43-5
2016,CFDA,GIL_viv_96_0004h_CF_m1_FBS00_0.2mL_nn_in_no_X_141-43-5
2016,NR,GIL_viv_96_0004h_NR_m1_FBS00_0.2mL_nn_in_no_X_141-43-5
2016,AB,GIL_viv_96_0024h_AB_m1_FBS00_0.2mL_nn_in_no_X_141-43-5
2016,CFDA,GIL_viv_96_0024h_CF_m1_FBS00_0.2mL_nn_in_no_X_141-43-5
2016,NR,GIL_viv_96_0024h_NR_m1_FBS00_0.2mL_nn_in_no_X_141-43-5
2016,AB,GIL_viv_96_0004h_AB_m1_FBS00_0.2mL_nn_in_no_X_106-48-9
2016,CFDA,GIL_viv_96_0004h_CF_m1_FBS00_0.2mL_nn_in_no_X_106-48-9
2016,NR,GIL_viv_96_0004h_NR_m1_FBS00_0.2mL_nn_in_no_X_106-48-9
2016,AB,GIL_viv_96_0024h_AB_m1_FBS00_0.2mL_nn_in_no_X_106-48-9
2016,CFDA,GIL_viv_96_0024h_CF_m1_FBS00_0.2mL_nn_in_no_X_106-48-9
2016,NR,GIL_viv_96_0024h_NR_m1_FBS00_0.2mL_nn_in_no_X_106-48-9
2016,AB,GIL_viv_96_0004h_AB_m1_FBS00_0.2mL_nn_in_no_X_371-40-4
2016,CFDA,GIL_viv_96_0004h_CF_m1_FBS00_0.2mL_nn_in_no_X_371-40-4
2016,NR,GIL_viv_96_0004h_NR_m1_FBS00_0.2mL_nn_in_no_X_371-40-4
2016,AB,GIL_viv_96_0024h_AB_m1_FBS00_0.2mL_nn_in_no_X_371-40-4
2016,CFDA,GIL_viv_96_0024h_CF_m1_FBS00_0.2mL_nn_in_no_X_371-40-4
2016,NR,GIL_viv_96_0024h_NR_m1_FBS00_0.2mL_nn_in_no_X_371-40-4
2016,AB,GIL_viv_96_0004h_AB_m1_FBS00_0.2mL_nn_in_no_X_140-66-9
2016,CFDA,GIL_viv_96_0004h_CF_m1_FBS00_0.2mL_nn_in_no_X_140-66-9
2016,NR,GIL_viv_96_0004h_NR_m1_FBS00_0.2mL_nn_in_no_X_140-66-9
2016,AB,GIL_viv_96_0024h_AB_m1_FBS00_0.2mL_nn_in_no_X_140-66-9
2016,CFDA,GIL_viv_96_0024h_CF_m1_FBS00_0.2mL_nn_in_no_X_140-66-9
2016,NR,GIL_viv_96_0024h_NR_m1_FBS00_0.2mL_nn_in_no_X_140-66-9
2016,AB,GIL_viv_96_0004h_AB_m1_FBS00_0.2mL_nn_in_no_X_107-02-8
2016,CFDA,GIL_viv_96_0004h_CF_m1_FBS00_0.2mL_nn_in_no_X_107-02-8
2016,NR,GIL_viv_96_0004h_NR_m1_FBS00_0.2mL_nn_in_no_X_107-02-8
2016,AB,GIL_viv_96_0024h_AB_m1_FBS00_0.2mL_nn_in_no_X_107-02-8
2016,CFDA,GIL_viv_96_0024h_CF_m1_FBS00_0.2mL_nn_in_no_X_107-02-8
2016,NR,GIL_viv_96_0024h_NR_m1_FBS00_0.2mL_nn_in_no_X_107-02-8
2016,AB,GIL_viv_96_0004h_AB_m1_FBS00_0.2mL_nn_in_no_X_62-53-3
2016,CFDA,GIL_viv_96_0004h_CF_m1_FBS00_0.2mL_nn_in_no_X_62-53-3
2016,NR,GIL_viv_96_0004h_NR_m1_FBS00_0.2mL_nn_in_no_X_62-53-3
2016,AB,GIL_viv_96_0024h_AB_m1_FBS00_0.2mL_nn_in_no_X_62-53-3
2016,CFDA,GIL_viv_96_0024h_CF_m1_FBS00_0.2mL_nn_in_no_X_62-53-3
2016,NR,GIL_viv_96_0024h_NR_m1_FBS00_0.2mL_nn_in_no_X_62-53-3
2016,AB,GIL_viv_96_0004h_AB_m1_FBS00_0.2mL_nn_in_no_X_58-08-2
2016,CFDA,GIL_viv_96_0004h_CF_m1_FBS00_0.2mL_nn_in_no_X_58-08-2
2016,NR,GIL_viv_96_0004h_NR_m1_FBS00_0.2mL_nn_in_no_X_58-08-2
2016,AB,GIL_viv_96_0024h_AB_m1_FBS00_0.2mL_nn_in_no_X_58-08-2
2016,CFDA,GIL_viv_96_0024h_CF_m1_FBS00_0.2mL_nn_in_no_X_58-08-2
2016,NR,GIL_viv_96_0024h_NR_m1_FBS00_0.2mL_nn_in_no_X_58-08-2
2016,AB,GIL_viv_96_0004h_AB_m1_FBS00_0.2mL_nn_in_no_X_84-74-2
2016,CFDA,GIL_viv_96_0004h_CF_m1_FBS00_0.2mL_nn_in_no_X_84-74-2
2016,NR,GIL_viv_96_0004h_NR_m1_FBS00_0.2mL_nn_in_no_X_84-74-2
2016,AB,GIL_viv_96_0024h_AB_m1_FBS00_0.2mL_nn_in_no_X_84-74-2
2016,CFDA,GIL_viv_96_0024h_CF_m1_FBS00_0.2mL_nn_in_no_X_84-74-2
2016,NR,GIL_viv_96_0024h_NR_m1_FBS00_0.2mL_nn_in_no_X_84-74-2
2016,AB,GIL_viv_96_0004h_AB_m1_FBS00_0.2mL_nn_in_no_X_95-76-1
2016,CFDA,GIL_viv_96_0004h_CF_m1_FBS00_0.2mL_nn_in_no_X_95-76-1
2016,NR,GIL_viv_96_0004h_NR_m1_FBS00_0.2mL_nn_in_no_X_95-76-1
2016,AB,GIL_viv_96_0024h_AB_m1_FBS00_0.2mL_nn_in_no_X_95-76-1
2016,CFDA,GIL_viv_96_0024h_CF_m1_FBS00_0.2mL_nn_in_no_X_95-76-1
2016,NR,GIL_viv_96_0024h_NR_m1_FBS00_0.2mL_nn_in_no_X_95-76-1
2016,AB,GIL_viv_96_0004h_AB_m1_FBS00_0.2mL_nn_in_no_X_97-23-4
2016,CFDA,GIL_viv_96_0004h_CF_m1_FBS00_0.2mL_nn_in_no_X_97-23-4
2016,NR,GIL_viv_96_0004h_NR_m1_FBS00_0.2mL_nn_in_no_X_97-23-4
2016,AB,GIL_viv_96_0024h_AB_m1_FBS00_0.2mL_nn_in_no_X_97-23-4
2016,CFDA,GIL_viv_96_0024h_CF_m1_FBS00_0.2mL_nn_in_no_X_97-23-4
2016,NR,GIL_viv_96_0024h_NR_m1_FBS00_0.2mL_nn_in_no_X_97-23-4
2016,AB,GIL_viv_96_0004h_AB_m1_FBS00_0.2mL_nn_in_no_X_84-66-2
2016,CFDA,GIL_viv_96_0004h_CF_m1_FBS00_0.2mL_nn_in_no_X_84-66-2
2016,NR,GIL_viv_96_0004h_NR_m1_FBS00_0.2mL_nn_in_no_X_84-66-2
2016,AB,GIL_viv_96_0024h_AB_m1_FBS00_0.2mL_nn_in_no_X_84-66-2
2016,CFDA,GIL_viv_96_0024h_CF_m1_FBS00_0.2mL_nn_in_no_X_84-66-2
2016,NR,GIL_viv_96_0024h_NR_m1_FBS00_0.2mL_nn_in_no_X_84-66-2
2016,AB,GIL_viv_96_0004h_AB_m1_FBS00_0.2mL_nn_in_no_X_51-28-5
2016,CFDA,GIL_viv_96_0004h_CF_m1_FBS00_0.2mL_nn_in_no_X_51-28-5
2016,NR,GIL_viv_96_0004h_NR_m1_FBS00_0.2mL_nn_in_no_X_51-28-5
2016,AB,GIL_viv_96_0024h_AB_m1_FBS00_0.2mL_nn_in_no_X_51-28-5
2016,CFDA,GIL_viv_96_0024h_CF_m1_FBS00_0.2mL_nn_in_no_X_51-28-5
2016,NR,GIL_viv_96_0024h_NR_m1_FBS00_0.2mL_nn_in_no_X_51-28-5
2016,AB,GIL_viv_96_0004h_AB_m1_FBS00_0.2mL_nn_in_no_X_75-07-0
2016,CFDA,GIL_viv_96_0004h_CF_m1_FBS00_0.2mL_nn_in_no_X_75-07-0
2016,NR,GIL_viv_96_0004h_NR_m1_FBS00_0.2mL_nn_in_no_X_75-07-0
2016,AB,GIL_viv_96_0024h_AB_m1_FBS00_0.2mL_nn_in_no_X_75-07-0
2016,CFDA,GIL_viv_96_0024h_CF_m1_FBS00_0.2mL_nn_in_no_X_75-07-0
2016,NR,GIL_viv_96_0024h_NR_m1_FBS00_0.2mL_nn_in_no_X_75-07-0
2016,AB,GIL_viv_96_0004h_AB_m1_FBS00_0.2mL_nn_in_no_X_64-17-5
2016,CFDA,GIL_viv_96_0004h_CF_m1_FBS00_0.2mL_nn_in_no_X_64-17-5
2016,NR,GIL_viv_96_0004h_NR_m1_FBS00_0.2mL_nn_in_no_X_64-17-5
2016,AB,GIL_viv_96_0024h_AB_m1_FBS00_0.2mL_nn_in_no_X_64-17-5
2016,CFDA,GIL_viv_96_0024h_CF_m1_FBS00_0.2mL_nn_in_no_X_64-17-5
2016,NR,GIL_viv_96_0024h_NR_m1_FBS00_0.2mL_nn_in_no_X_64-17-5
2016,AB,GIL_viv_96_0004h_AB_m1_FBS00_0.2mL_nn_in_no_X_70-30-4
2016,CFDA,GIL_viv_96_0004h_CF_m1_FBS00_0.2mL_nn_in_no_X_70-30-4
2016,NR,GIL_viv_96_0004h_NR_m1_FBS00_0.2mL_nn_in_no_X_70-30-4
2016,AB,GIL_viv_96_0024h_AB_m1_FBS00_0.2mL_nn_in_no_X_70-30-4
2016,CFDA,GIL_viv_96_0024h_CF_m1_FBS00_0.2mL_nn_in_no_X_70-30-4
2016,NR,GIL_viv_96_0024h_NR_m1_FBS00_0.2mL_nn_in_no_X_70-30-4
2016,AB,GIL_viv_96_0004h_AB_m1_FBS00_0.2mL_nn_in_no_X_100-97-0
2016,CFDA,GIL_viv_96_0004h_CF_m1_FBS00_0.2mL_nn_in_no_X_100-97-0
2016,NR,GIL_viv_96_0004h_NR_m1_FBS00_0.2mL_nn_in_no_X_100-97-0
2016,AB,GIL_viv_96_0024h_AB_m1_FBS00_0.2mL_nn_in_no_X_100-97-0
2016,CFDA,GIL_viv_96_0024h_CF_m1_FBS00_0.2mL_nn_in_no_X_100-97-0
2016,NR,GIL_viv_96_0024h_NR_m1_FBS00_0.2mL_nn_in_no_X_100-97-0
2016,AB,GIL_viv_96_0004h_AB_m1_FBS00_0.2mL_nn_in_no_X_58-27-5
2016,CFDA,GIL_viv_96_0004h_CF_m1_FBS00_0.2mL_nn_in_no_X_58-27-5
2016,NR,GIL_viv_96_0004h_NR_m1_FBS00_0.2mL_nn_in_no_X_58-27-5
2016,AB,GIL_viv_96_0024h_AB_m1_FBS00_0.2mL_nn_in_no_X_58-27-5
2016,CFDA,GIL_viv_96_0024h_CF_m1_FBS00_0.2mL_nn_in_no_X_58-27-5
2016,NR,GIL_viv_96_0024h_NR_m1_FBS00_0.2mL_nn_in_no_X_58-27-5
2016,AB,GIL_viv_96_0004h_AB_m1_FBS00_0.2mL_nn_in_no_X_100-61-8
2016,CFDA,GIL_viv_96_0004h_CF_m1_FBS00_0.2mL_nn_in_no_X_100-61-8
2016,NR,GIL_viv_96_0004h_NR_m1_FBS00_0.2mL_nn_in_no_X_100-61-8
2016,AB,GIL_viv_96_0024h_AB_m1_FBS00_0.2mL_nn_in_no_X_100-61-8
2016,CFDA,GIL_viv_96_0024h_CF_m1_FBS00_0.2mL_nn_in_no_X_100-61-8
2016,NR,GIL_viv_96_0024h_NR_m1_FBS00_0.2mL_nn_in_no_X_100-61-8
2016,AB,GIL_viv_96_0004h_AB_m1_FBS00_0.2mL_nn_in_no_X_87-86-5
2016,CFDA,GIL_viv_96_0004h_CF_m1_FBS00_0.2mL_nn_in_no_X_87-86-5
2016,NR,GIL_viv_96_0004h_NR_m1_FBS00_0.2mL_nn_in_no_X_87-86-5
2016,AB,GIL_viv_96_0024h_AB_m1_FBS00_0.2mL_nn_in_no_X_87-86-5
2016,CFDA,GIL_viv_96_0024h_CF_m1_FBS00_0.2mL_nn_in_no_X_87-86-5
2016,NR,GIL_viv_96_0024h_NR_m1_FBS00_0.2mL_nn_in_no_X_87-86-5
2016,AB,GIL_viv_96_0004h_AB_m1_FBS00_0.2mL_nn_in_no_X_83-79-4
2016,CFDA,GIL_viv_96_0004h_CF_m1_FBS00_0.2mL_nn_in_no_X_83-79-4
2016,NR,GIL_viv_96_0004h_NR_m1_FBS00_0.2mL_nn_in_no_X_83-79-4
2016,AB,GIL_viv_96_0024h_AB_m1_FBS00_0.2mL_nn_in_no_X_83-79-4
2016,CFDA,GIL_viv_96_0024h_CF_m1_FBS00_0.2mL_nn_in_no_X_83-79-4
2016,NR,GIL_viv_96_0024h_NR_m1_FBS00_0.2mL_nn_in_no_X_83-79-4
2016,AB,GIL_viv_96_0004h_AB_m1_FBS00_0.2mL_nn_in_no_X_151-21-3
2016,CFDA,GIL_viv_96_0004h_CF_m1_FBS00_0.2mL_nn_in_no_X_151-21-3
2016,NR,GIL_viv_96_0004h_NR_m1_FBS00_0.2mL_nn_in_no_X_151-21-3
2016,AB,GIL_viv_96_0024h_AB_m1_FBS00_0.2mL_nn_in_no_X_151-21-3
2016,CFDA,GIL_viv_96_0024h_CF_m1_FBS00_0.2mL_nn_in_no_X_151-21-3
2016,NR,GIL_viv_96_0024h_NR_m1_FBS00_0.2mL_nn_in_no_X_151-21-3
2016,AB,GIL_viv_96_0004h_AB_m1_FBS00_0.2mL_nn_in_no_X_127-18-4
2016,CFDA,GIL_viv_96_0004h_CF_m1_FBS00_0.2mL_nn_in_no_X_127-18-4
2016,NR,GIL_viv_96_0004h_NR_m1_FBS00_0.2mL_nn_in_no_X_127-18-4
2016,AB,GIL_viv_96_0024h_AB_m1_FBS00_0.2mL_nn_in_no_X_127-18-4
2016,CFDA,GIL_viv_96_0024h_CF_m1_FBS00_0.2mL_nn_in_no_X_127-18-4
2016,NR,GIL_viv_96_0024h_NR_m1_FBS00_0.2mL_nn_in_no_X_127-18-4
2016,AB,GIL_viv_96_0004h_AB_m1_FBS00_0.2mL_nn_in_no_X_67-66-3
2016,CFDA,GIL_viv_96_0004h_CF_m1_FBS00_0.2mL_nn_in_no_X_67-66-3
2016,NR,GIL_viv_96_0004h_NR_m1_FBS00_0.2mL_nn_in_no_X_67-66-3
2016,AB,GIL_viv_96_0024h_AB_m1_FBS00_0.2mL_nn_in_no_X_67-66-3
2016,CFDA,GIL_viv_96_0024h_CF_m1_FBS00_0.2mL_nn_in_no_X_67-66-3
2016,NR,GIL_viv_96_0024h_NR_m1_FBS00_0.2mL_nn_in_no_X_67-66-3
2016,AB,GIL_viv_96_0004h_AB_m1_FBS00_0.2mL_nn_in_no_X_88-06-2
2016,CFDA,GIL_viv_96_0004h_CF_m1_FBS00_0.2mL_nn_in_no_X_88-06-2
2016,NR,GIL_viv_96_0004h_NR_m1_FBS00_0.2mL_nn_in_no_X_88-06-2
2016,AB,GIL_viv_96_0024h_AB_m1_FBS00_0.2mL_nn_in_no_X_88-06-2
2016,CFDA,GIL_viv_96_0024h_CF_m1_FBS00_0.2mL_nn_in_no_X_88-06-2
2016,NR,GIL_viv_96_0024h_NR_m1_FBS00_0.2mL_nn_in_no_X_88-06-2
2016,AB,GIL_viv_96_0004h_AB_m1_FBS00_0.2mL_nn_in_no_X_15972-60-8
2016,CFDA,GIL_viv_96_0004h_CF_m1_FBS00_0.2mL_nn_in_no_X_15972-60-8
2016,NR,GIL_viv_96_0004h_NR_m1_FBS00_0.2mL_nn_in_no_X_15972-60-8
2016,AB,GIL_viv_96_0024h_AB_m1_FBS00_0.2mL_nn_in_no_X_15972-60-8
2016,CFDA,GIL_viv_96_0024h_CF_m1_FBS00_0.2mL_nn_in_no_X_15972-60-8
2016,NR,GIL_viv_96_0024h_NR_m1_FBS00_0.2mL_nn_in_no_X_15972-60-8
2016,AB,GIL_viv_96_0004h_AB_m1_FBS00_0.2mL_nn_in_no_X_1912-24-9
2016,CFDA,GIL_viv_96_0004h_CF_m1_FBS00_0.2mL_nn_in_no_X_1912-24-9
2016,NR,GIL_viv_96_0004h_NR_m1_FBS00_0.2mL_nn_in_no_X_1912-24-9
2016,AB,GIL_viv_96_0024h_AB_m1_FBS00_0.2mL_nn_in_no_X_1912-24-9
2016,CFDA,GIL_viv_96_0024h_CF_m1_FBS00_0.2mL_nn_in_no_X_1912-24-9
2016,NR,GIL_viv_96_0024h_NR_m1_FBS00_0.2mL_nn_in_no_X_1912-24-9
2016,AB,GIL_viv_96_0004h_AB_m1_FBS00_0.2mL_nn_in_no_X_470-90-6
2016,CFDA,GIL_viv_96_0004h_CF_m1_FBS00_0.2mL_nn_in_no_X_470-90-6
2016,NR,GIL_viv_96_0004h_NR_m1_FBS00_0.2mL_nn_in_no_X_470-90-6
2016,AB,GIL_viv_96_0024h_AB_m1_FBS00_0.2mL_nn_in_no_X_470-90-6
2016,CFDA,GIL_viv_96_0024h_CF_m1_FBS00_0.2mL_nn_in_no_X_470-90-6
2016,NR,GIL_viv_96_0024h_NR_m1_FBS00_0.2mL_nn_in_no_X_470-90-6
2016,AB,GIL_viv_96_0004h_AB_m1_FBS00_0.2mL_nn_in_no_X_107-06-2
2016,CFDA,GIL_viv_96_0004h_CF_m1_FBS00_0.2mL_nn_in_no_X_107-06-2
2016,NR,GIL_viv_96_0004h_NR_m1_FBS00_0.2mL_nn_in_no_X_107-06-2
2016,AB,GIL_viv_96_0024h_AB_m1_FBS00_0.2mL_nn_in_no_X_107-06-2
2016,CFDA,GIL_viv_96_0024h_CF_m1_FBS00_0.2mL_nn_in_no_X_107-06-2
2016,NR,GIL_viv_96_0024h_NR_m1_FBS00_0.2mL_nn_in_no_X_107-06-2
2016,AB,GIL_viv_96_0004h_AB_m1_FBS00_0.2mL_nn_in_no_X_206-44-0
2016,CFDA,GIL_viv_96_0004h_CF_m1_FBS00_0.2mL_nn_in_no_X_206-44-0
2016,NR,GIL_viv_96_0004h_NR_m1_FBS00_0.2mL_nn_in_no_X_206-44-0
2016,AB,GIL_viv_96_0024h_AB_m1_FBS00_0.2mL_nn_in_no_X_206-44-0
2016,CFDA,GIL_viv_96_0024h_CF_m1_FBS00_0.2mL_nn_in_no_X_206-44-0
2016,NR,GIL_viv_96_0024h_NR_m1_FBS00_0.2mL_nn_in_no_X_206-44-0
2016,AB,GIL_viv_96_0004h_AB_m1_FBS00_0.2mL_nn_in_no_X_34123-59-6
2016,CFDA,GIL_viv_96_0004h_CF_m1_FBS00_0.2mL_nn_in_no_X_34123-59-6
2016,NR,GIL_viv_96_0004h_NR_m1_FBS00_0.2mL_nn_in_no_X_34123-59-6
2016,AB,GIL_viv_96_0024h_AB_m1_FBS00_0.2mL_nn_in_no_X_34123-59-6
2016,CFDA,GIL_viv_96_0024h_CF_m1_FBS00_0.2mL_nn_in_no_X_34123-59-6
2016,NR,GIL_viv_96_0024h_NR_m1_FBS00_0.2mL_nn_in_no_X_34123-59-6
2016,AB,GIL_viv_96_0004h_AB_m1_FBS00_0.2mL_nn_in_no_X_122-34-9
2016,CFDA,GIL_viv_96_0004h_CF_m1_FBS00_0.2mL_nn_in_no_X_122-34-9
2016,NR,GIL_viv_96_0004h_NR_m1_FBS00_0.2mL_nn_in_no_X_122-34-9
2016,AB,GIL_viv_96_0024h_AB_m1_FBS00_0.2mL_nn_in_no_X_122-34-9
2016,CFDA,GIL_viv_96_0024h_CF_m1_FBS00_0.2mL_nn_in_no_X_122-34-9
2016,NR,GIL_viv_96_0024h_NR_m1_FBS00_0.2mL_nn_in_no_X_122-34-9
2015,AB,GIL_mel_24_0024h_AB_m1_FBS00_002mL_nn_in_me_X_115-20-8
2015,CFDA,GIL_mel_24_0024h_CF_m1_FBS00_002mL_nn_in_me_X_115-20-8
2015,NR,GIL_mel_24_0024h_NR_m1_FBS00_002mL_nn_in_me_X_115-20-8
2015,AB,GIL_mel_24_0024h_AB_m1_FBS00_002mL_nn_in_me_X_95-50-1
2015,CFDA,GIL_mel_24_0024h_CF_m1_FBS00_002mL_nn_in_me_X_95-50-1
2015,NR,GIL_mel_24_0024h_NR_m1_FBS00_002mL_nn_in_me_X_95-50-1
2015,AB,GIL_mel_24_0024h_AB_m1_FBS00_002mL_nn_in_me_X_95-76-1
2015,CFDA,GIL_mel_24_0024h_CF_m1_FBS00_002mL_nn_in_me_X_95-76-1
2015,NR,GIL_mel_24_0024h_NR_m1_FBS00_002mL_nn_in_me_X_95-76-1
2015,AB,GIL_mel_24_0024h_AB_m1_FBS00_002mL_nn_in_me_X_70-30-4
2015,CFDA,GIL_mel_24_0024h_CF_m1_FBS00_002mL_nn_in_me_X_70-30-4
2015,NR,GIL_mel_24_0024h_NR_m1_FBS00_002mL_nn_in_me_X_70-30-4
2015,AB,GIL_mel_24_0024h_AB_m1_FBS00_002mL_nn_in_me_X_87-86-5
2015,CFDA,GIL_mel_24_0024h_CF_m1_FBS00_002mL_nn_in_me_X_87-86-5
2015,NR,GIL_mel_24_0024h_NR_m1_FBS00_002mL_nn_in_me_X_87-86-5
2015,AB,GIL_mel_24_0024h_AB_m1_FBS00_002mL_nn_in_me_X_121-75-5
2015,CFDA,GIL_mel_24_0024h_CF_m1_FBS00_002mL_nn_in_me_X_121-75-5
2015,NR,GIL_mel_24_0024h_NR_m1_FBS00_002mL_nn_in_me_X_121-75-5
2015,AB,GIL_mel_24_0024h_AB_m1_FBS00_002mL_nn_in_no_X_105-76-0
2015,CFDA,GIL_mel_24_0024h_CF_m1_FBS00_002mL_nn_in_no_X_105-76-0
2015,NR,GIL_mel_24_0024h_NR_m1_FBS00_002mL_nn_in_no_X_105-76-0
2015,AB,GIL_mel_24_0024h_AB_m1_FBS00_002mL_nn_in_no_X_110-93-0
2015,CFDA,GIL_mel_24_0024h_CF_m1_FBS00_002mL_nn_in_no_X_110-93-0
2015,NR,GIL_mel_24_0024h_NR_m1_FBS00_002mL_nn_in_no_X_110-93-0
2004,AB,LIV_enr_48_0024h_AB_m1_FBS00_0.5mL_nn_di_no_W_882-09-7
2004,CFDA,LIV_enr_48_0024h_CF_m1_FBS00_0.5mL_nn_di_no_W_882-09-7
2004,NR,LIV_enr_48_0024h_NR_m1_FBS00_0.5mL_nn_di_no_W_882-09-7
2004,AB,LIV_enr_48_0024h_AB_m1_FBS00_0.5mL_nn_di_no_E_15307-86-5
2004,CFDA,LIV_enr_48_0024h_CF_m1_FBS00_0.5mL_nn_di_no_E_15307-86-5
2004,NR,LIV_enr_48_0024h_NR_m1_FBS00_0.5mL_nn_di_no_E_15307-86-5
2004,AB,LIV_enr_48_0024h_AB_m1_FBS00_0.5mL_nn_di_no_W_525-66-6
2004,CFDA,LIV_enr_48_0024h_CF_m1_FBS00_0.5mL_nn_di_no_W_525-66-6
2004,NR,LIV_enr_48_0024h_NR_m1_FBS00_0.5mL_nn_di_no_W_525-66-6
2004,AB,LIV_enr_48_0024h_AB_m1_FBS00_0.5mL_nn_di_no_W_51384-51-1
2004,CFDA,LIV_enr_48_0024h_CF_m1_FBS00_0.5mL_nn_di_no_W_51384-51-1
2004,NR,LIV_enr_48_0024h_NR_m1_FBS00_0.5mL_nn_di_no_W_51384-51-1
2004,AB,LIV_enr_48_0024h_AB_m1_FBS00_0.5mL_nn_di_no_E_525-66-6
2004,CFDA,LIV_enr_48_0024h_CF_m1_FBS00_0.5mL_nn_di_no_E_525-66-6
2004,NR,LIV_enr_48_0024h_NR_m1_FBS00_0.5mL_nn_di_no_E_525-66-6
2004,AB,LIV_enr_48_0024h_AB_m1_FBS00_0.5mL_nn_di_no_E_21145-77-7
2004,CFDA,LIV_enr_48_0024h_CF_m1_FBS00_0.5mL_nn_di_no_E_21145-77-7
2004,NR,LIV_enr_48_0024h_NR_m1_FBS00_0.5mL_nn_di_no_E_21145-77-7
2004,AB,GUT_enr_48_0024h_AB_m1_FBS00_0.5mL_nn_di_no_E_15307-86-5
2004,CFDA,GUT_enr_48_0024h_CF_m1_FBS00_0.5mL_nn_di_no_E_15307-86-5
2004,NR,GUT_enr_48_0024h_NR_m1_FBS00_0.5mL_nn_di_no_E_15307-86-5
2004,AB,GUT_enr_48_0024h_AB_m1_FBS00_0.5mL_nn_di_no_E_882-09-7
2004,CFDA,GUT_enr_48_0024h_CF_m1_FBS00_0.5mL_nn_di_no_E_882-09-7
2004,NR,GUT_enr_48_0024h_NR_m1_FBS00_0.5mL_nn_di_no_E_882-09-7
2004,AB,GUT_enr_48_0024h_AB_m1_FBS00_0.5mL_nn_di_no_W_882-09-7
2004,CFDA,GUT_enr_48_0024h_CF_m1_FBS00_0.5mL_nn_di_no_W_882-09-7
2004,NR,GUT_enr_48_0024h_NR_m1_FBS00_0.5mL_nn_di_no_W_882-09-7
2004,AB,GUT_enr_48_0024h_AB_m1_FBS00_0.5mL_nn_di_no_W_525-66-6
2004,CFDA,GUT_enr_48_0024h_CF_m1_FBS00_0.5mL_nn_di_no_W_525-66-6
2004,NR,GUT_enr_48_0024h_NR_m1_FBS00_0.5mL_nn_di_no_W_525-66-6
2004,AB,GUT_enr_48_0024h_AB_m1_FBS00_0.5mL_nn_di_no_W_51384-51-1
2004,CFDA,GUT_enr_48_0024h_CF_m1_FBS00_0.5mL_nn_di_no_W_51384-51-1
2004,NR,GUT_enr_48_0024h_NR_m1_FBS00_0.5mL_nn_di_no_W_51384-51-1
2004,AB,GUT_enr_48_0024h_AB_m1_FBS00_0.5mL_nn_di_no_E_21145-77-7
2004,CFDA,GUT_enr_48_0024h_CF_m1_FBS00_0.5mL_nn_di_no_E_21145-77-7
2004,NR,GUT_enr_48_0024h_NR_m1_FBS00_0.5mL_nn_di_no_E_21145-77-7
2004,AB,GIL_enr_48_0024h_AB_m1_FBS00_0.5mL_nn_di_no_E_15307-86-5
2004,CFDA,GIL_enr_48_0024h_CF_m1_FBS00_0.5mL_nn_di_no_E_15307-86-5
2004,NR,GIL_enr_48_0024h_NR_m1_FBS00_0.5mL_nn_di_no_E_15307-86-5
2004,AB,GIL_enr_48_0024h_AB_m1_FBS00_0.5mL_nn_di_no_W_882-09-7
2004,CFDA,GIL_enr_48_0024h_CF_m1_FBS00_0.5mL_nn_di_no_W_882-09-7
2004,NR,GIL_enr_48_0024h_NR_m1_FBS00_0.5mL_nn_di_no_W_882-09-7
2004,AB,GIL_enr_48_0024h_AB_m1_FBS00_0.5mL_nn_di_no_E_51384-51-1
2004,CFDA,GIL_enr_48_0024h_CF_m1_FBS00_0.5mL_nn_di_no_E_51384-51-1
2004,NR,GIL_enr_48_0024h_NR_m1_FBS00_0.5mL_nn_di_no_E_51384-51-1
2004,AB,GIL_enr_48_0024h_AB_m1_FBS00_0.5mL_nn_di_no_W_525-66-6
2004,CFDA,GIL_enr_48_0024h_CF_m1_FBS00_0.5mL_nn_di_no_W_525-66-6
2004,NR,GIL_enr_48_0024h_NR_m1_FBS00_0.5mL_nn_di_no_W_525-66-6
2004,AB,GIL_enr_48_0024h_AB_m1_FBS00_0.5mL_nn_di_no_E_21145-77-7
2004,CFDA,GIL_enr_48_0024h_CF_m1_FBS00_0.5mL_nn_di_no_E_21145-77-7
2004,NR,GIL_enr_48_0024h_NR_m1_FBS00_0.5mL_nn_di_no_E_21145-77-7
2004,CFDA,LIV_enr_48_0024h_CF_m2_FBS50_0.5mL_nn_di_no_E_15307-86-5
2004,CFDA,LIV_enr_48_0024h_CF_m2_FBS50_0.5mL_nn_di_no_W_51384-51-1
2004,CFDA,LIV_enr_48_0024h_CF_m2_FBS50_0.5mL_nn_di_no_W_525-66-6
2004,CFDA,LIV_enr_48_0024h_CF_m2_FBS50_0.5mL_nn_di_no_E_882-09-7
2004,CFDA,LIV_enr_48_0024h_CF_m2_FBS50_0.5mL_nn_di_no_E_21145-77-7
2004,CFDA,LIV_enr_48_0024h_CF_m2_FBS50_0.5mL_nn_di_no_E_298-46-4
2004,CFDA,GUT_enr_48_0024h_CF_m2_FBS50_0.5mL_nn_di_no_E_15307-86-5
2004,CFDA,GUT_enr_48_0024h_CF_m2_FBS50_0.5mL_nn_di_no_W_51384-51-1
2004,CFDA,GUT_enr_48_0024h_CF_m2_FBS50_0.5mL_nn_di_no_W_525-66-6
2004,CFDA,GUT_enr_48_0024h_CF_m2_FBS50_0.5mL_nn_di_no_E_882-09-7
2004,CFDA,GUT_enr_48_0024h_CF_m2_FBS50_0.5mL_nn_di_no_E_21145-77-7
2004,CFDA,GUT_enr_48_0024h_CF_m2_FBS50_0.5mL_nn_di_no_E_298-46-4
1998,AB,"LIV_ang_48_0002h_AB_m1_FBS00_0.5mL_nn_di_no_D_BaP-7,8-dihydrodiol"
1998,CFDA,"LIV_ang_48_0002h_CF_m1_FBS00_0.5mL_nn_di_no_D_BaP-7,8-dihydrodiol"
1998,NR,"LIV_ang_48_0002h_NR_m1_FBS00_0.5mL_nn_di_no_D_BaP-7,8-dihydrodiol"
1998,AB,LIV_ang_48_0002h_AB_m1_FBS00_0.5mL_nn_di_no_D_50-32-8
1998,CFDA,LIV_ang_48_0002h_CF_m1_FBS00_0.5mL_nn_di_no_D_50-32-8
1998,NR,LIV_ang_48_0002h_NR_m1_FBS00_0.5mL_nn_di_no_D_50-32-8
1998,AB,"GIL_ang_48_0002h_AB_m1_FBS00_0.5mL_nn_di_no_D_BaP-7,8-dihydrodiol"
1998,CFDA,"GIL_ang_48_0002h_CF_m1_FBS00_0.5mL_nn_di_no_D_BaP-7,8-dihydrodiol"
1998,NR,"GIL_ang_48_0002h_NR_m1_FBS00_0.5mL_nn_di_no_D_BaP-7,8-dihydrodiol"
1998,AB,GIL_ang_48_0002h_AB_m1_FBS00_0.5mL_nn_di_no_D_50-32-8
1998,CFDA,GIL_ang_48_0002h_CF_m1_FBS00_0.5mL_nn_di_no_D_50-32-8
1998,NR,GIL_ang_48_0002h_NR_m1_FBS00_0.5mL_nn_di_no_D_50-32-8
1998,AB,R01_ang_48_0002h_AB_m2_FBS00_0.5mL_nn_di_no_D_83-32-9
1998,CFDA,R01_ang_48_0002h_CF_m2_FBS00_0.5mL_nn_di_no_D_83-32-9
1998,AB,24h_recovery_of_R01_ang_48_0002h_AB_m2_FBS00_0.5mL_nn_di_no_D_83-32-9
1998,CFDA,24h_recovery_of_R01_ang_48_0002h_CF_m2_FBS00_0.5mL_nn_di_no_D_83-32-9
1998,AB,LIV_ang_48_0002h_AB_m2_FBS00_0.5mL_nn_di_no_D_83-32-9
1998,CFDA,LIV_ang_48_0002h_CF_m2_FBS00_0.5mL_nn_di_no_D_83-32-9
1998,AB,24h_recovery_of_LIV_ang_48_0002h_AB_m2_FBS00_0.5mL_nn_di_no_D_83-32-9
1998,CFDA,24h_recovery_of_LIV_ang_48_0002h_CF_m2_FBS00_0.5mL_nn_di_no_D_83-32-9
1998,AB,R01_ang_48_0002h_AB_m2_FBS00_0.5mL_nn_di_no_D_208-96-8
1998,CFDA,R01_ang_48_0002h_CF_m2_FBS00_0.5mL_nn_di_no_D_208-96-8
1998,AB,24h_recovery_of_R01_ang_48_0002h_AB_m2_FBS00_0.5mL_nn_di_no_D_208-96-8
1998,CFDA,24h_recovery_of_R01_ang_48_0002h_CF_m2_FBS00_0.5mL_nn_di_no_D_208-96-8
1998,AB,LIV_ang_48_0002h_AB_m2_FBS00_0.5mL_nn_di_no_D_208-96-8
1998,CFDA,LIV_ang_48_0002h_CF_m2_FBS00_0.5mL_nn_di_no_D_208-96-8
1998,AB,24h_recovery_of_LIV_ang_48_0002h_AB_m2_FBS00_0.5mL_nn_di_no_D_208-96-8
1998,CFDA,24h_recovery_of_LIV_ang_48_0002h_CF_m2_FBS00_0.5mL_nn_di_no_D_208-96-8
1998,AB,R01_ang_48_0002h_AB_m2_FBS00_0.5mL_nn_di_no_D_120-12-7
1998,CFDA,R01_ang_48_0002h_CF_m2_FBS00_0.5mL_nn_di_no_D_120-12-7
1998,AB,24h_recovery_of_R01_ang_48_0002h_AB_m2_FBS00_0.5mL_nn_di_no_D_120-12-7
1998,CFDA,24h_recovery_of_R01_ang_48_0002h_CF_m2_FBS00_0.5mL_nn_di_no_D_120-12-7
1998,AB,LIV_ang_48_0002h_AB_m2_FBS00_0.5mL_nn_di_no_D_120-12-7
1998,CFDA,LIV_ang_48_0002h_CF_m2_FBS00_0.5mL_nn_di_no_D_120-12-7
1998,AB,24h_recovery_of_LIV_ang_48_0002h_AB_m2_FBS00_0.5mL_nn_di_no_D_120-12-7
1998,CFDA,24h_recovery_of_LIV_ang_48_0002h_CF_m2_FBS00_0.5mL_nn_di_no_D_120-12-7
1998,AB,LIV_ang_48_0002h_AB_m2_FBS00_0.5mL_nn_di_no_D_85-01-8
1998,CFDA,LIV_ang_48_0002h_CF_m2_FBS00_0.5mL_nn_di_no_D_85-01-8
1998,AB,24h_recovery_of_LIV_ang_48_0002h_AB_m2_FBS00_0.5mL_nn_di_no_D_85-01-8
1998,CFDA,24h_recovery_of_LIV_ang_48_0002h_CF_m2_FBS00_0.5mL_nn_di_no_D_85-01-8
1998,AB,LIV_ang_48_0024h_AB_m2_FBS00_0.5mL_nn_di_no_D_85-01-8
1998,CFDA,LIV_ang_48_0024h_CF_m2_FBS00_0.5mL_nn_di_no_D_85-01-8
1998,AB,24h_recovery_of_LIV_ang_48_0024h_AB_m2_FBS00_0.5mL_nn_di_no_D_85-01-8
1998,CFDA,24h_recovery_of_LIV_ang_48_0024h_CF_m2_FBS00_0.5mL_nn_di_no_D_85-01-8
1998,AB,R01_ang_48_0002h_AB_m2_FBS00_0.5mL_nn_di_no_D_205-99-2
1998,CFDA,R01_ang_48_0002h_CF_m2_FBS00_0.5mL_nn_di_no_D_205-99-2
1998,AB,24h_recovery_of_R01_ang_48_0002h_AB_m2_FBS00_0.5mL_nn_di_no_D_205-99-2
1998,CFDA,24h_recovery_of_R01_ang_48_0002h_CF_m2_FBS00_0.5mL_nn_di_no_D_205-99-2
1998,AB,LIV_ang_48_0002h_AB_m2_FBS00_0.5mL_nn_di_no_D_191-24-2
1998,CFDA,LIV_ang_48_0002h_CF_m2_FBS00_0.5mL_nn_di_no_D_191-24-2
1998,AB,24h_recovery_of_LIV_ang_48_0002h_AB_m2_FBS00_0.5mL_nn_di_no_D_191-24-2
1998,CFDA,24h_recovery_of_LIV_ang_48_0002h_CF_m2_FBS00_0.5mL_nn_di_no_D_191-24-2
1998,AB,LIV_ang_48_0048h_AB_m2_FBS00_0.5mL_nn_di_no_D_191-24-2
1998,CFDA,LIV_ang_48_0048h_CF_m2_FBS00_0.5mL_nn_di_no_D_191-24-2
1998,AB,24h_recovery_of_LIV_ang_48_0048h_AB_m2_FBS00_0.5mL_nn_di_no_D_191-24-2
1998,CFDA,24h_recovery_of_LIV_ang_48_0048h_CF_m2_FBS00_0.5mL_nn_di_no_D_191-24-2
1998,AB,R01_ang_48_0048h_AB_m2_FBS00_0.5mL_nn_di_no_D_191-24-2
1998,CFDA,R01_ang_48_0048h_CF_m2_FBS00_0.5mL_nn_di_no_D_191-24-2
1998,AB,24h_recovery_of_R01_ang_48_0048h_AB_m2_FBS00_0.5mL_nn_di_no_D_191-24-2
1998,CFDA,24h_recovery_of_R01_ang_48_0048h_CF_m2_FBS00_0.5mL_nn_di_no_D_191-24-2
1998,AB,LIV_ang_48_0002h_AB_m2_FBS00_0.5mL_nn_di_no_D_218-01-9
1998,CFDA,LIV_ang_48_0002h_CF_m2_FBS00_0.5mL_nn_di_no_D_218-01-9
1998,AB,24h_recovery_of_LIV_ang_48_0002h_AB_m2_FBS00_0.5mL_nn_di_no_D_218-01-9
1998,CFDA,24h_recovery_of_LIV_ang_48_0002h_CF_m2_FBS00_0.5mL_nn_di_no_D_218-01-9
1998,AB,LIV_ang_48_0024h_AB_m2_FBS00_0.5mL_nn_di_no_D_218-01-9
1998,CFDA,LIV_ang_48_0024h_CF_m2_FBS00_0.5mL_nn_di_no_D_218-01-9
1998,AB,24h_recovery_of_LIV_ang_48_0024h_AB_m2_FBS00_0.5mL_nn_di_no_D_218-01-9
1998,CFDA,24h_recovery_of_LIV_ang_48_0024h_CF_m2_FBS00_0.5mL_nn_di_no_D_218-01-9
1998,AB,R01_ang_48_0002h_AB_m2_FBS00_0.5mL_nn_di_no_D_86-73-7
1998,CFDA,R01_ang_48_0002h_CF_m2_FBS00_0.5mL_nn_di_no_D_86-73-7
1998,AB,24h_recovery_of_R01_ang_48_0002h_AB_m2_FBS00_0.5mL_nn_di_no_D_86-73-7
1998,CFDA,24h_recovery_of_R01_ang_48_0002h_CF_m2_FBS00_0.5mL_nn_di_no_D_86-73-7
1998,AB,R01_ang_48_0002h_AB_m2_FBS00_0.5mL_nn_di_no_D_193-39-5
1998,CFDA,R01_ang_48_0002h_CF_m2_FBS00_0.5mL_nn_di_no_D_193-39-5
1998,AB,24h_recovery_of_R01_ang_48_0002h_AB_m2_FBS00_0.5mL_nn_di_no_D_193-39-5
1998,CFDA,24h_recovery_of_R01_ang_48_0002h_CF_m2_FBS00_0.5mL_nn_di_no_D_193-39-5
1998,AB,R01_ang_48_0002h_AB_m2_FBS00_0.5mL_nn_di_no_D_91-20-3
1998,CFDA,R01_ang_48_0002h_CF_m2_FBS00_0.5mL_nn_di_no_D_91-20-3
1998,AB,24h_recovery_of_R01_ang_48_0002h_AB_m2_FBS00_0.5mL_nn_di_no_D_91-20-3
1998,CFDA,24h_recovery_of_R01_ang_48_0002h_CF_m2_FBS00_0.5mL_nn_di_no_D_91-20-3
1998,AB,LIV_ang_48_0002h_AB_m2_FBS00_0.5mL_nn_di_no_D_129-00-0
1998,CFDA,LIV_ang_48_0002h_CF_m2_FBS00_0.5mL_nn_di_no_D_129-00-0
1998,AB,24h_recovery_of_LIV_ang_48_0002h_AB_m2_FBS00_0.5mL_nn_di_no_D_129-00-0
1998,CFDA,24h_recovery_of_LIV_ang_48_0002h_CF_m2_FBS00_0.5mL_nn_di_no_D_129-00-0
1998,AB,LIV_ang_48_0048h_AB_m2_FBS00_0.5mL_nn_di_no_D_129-00-0
1998,CFDA,LIV_ang_48_0048h_CF_m2_FBS00_0.5mL_nn_di_no_D_129-00-0
1998,AB,24h_recovery_of_LIV_ang_48_0048h_AB_m2_FBS00_0.5mL_nn_di_no_D_129-00-0
1998,CFDA,24h_recovery_of_LIV_ang_48_0048h_CF_m2_FBS00_0.5mL_nn_di_no_D_129-00-0
1998,AB,R01_ang_48_0048h_AB_m2_FBS00_0.5mL_nn_di_no_D_129-00-0
1998,CFDA,R01_ang_48_0048h_CF_m2_FBS00_0.5mL_nn_di_no_D_129-00-0
1998,AB,24h_recovery_of_R01_ang_48_0048h_AB_m2_FBS00_0.5mL_nn_di_no_D_129-00-0
1998,CFDA,24h_recovery_of_R01_ang_48_0048h_CF_m2_FBS00_0.5mL_nn_di_no_D_129-00-0
1998,AB,LIV_ang_48_0024h_AB_m2_FBS00_0.5mL_nn_di_no_D_206-44-0
1998,CFDA,LIV_ang_48_0024h_CF_m2_FBS00_0.5mL_nn_di_no_D_206-44-0
1998,AB,24h_recovery_of_LIV_ang_48_0024h_AB_m2_FBS00_0.5mL_nn_di_no_D_206-44-0
1998,CFDA,24h_recovery_of_LIV_ang_48_0024h_CF_m2_FBS00_0.5mL_nn_di_no_D_206-44-0
1998,AB,LIV_ang_48_0002h_AB_m2_FBS00_0.5mL_nn_di_no_D_206-44-0
1998,CFDA,LIV_ang_48_0002h_CF_m2_FBS00_0.5mL_nn_di_no_D_206-44-0
1998,AB,24h_recovery_of_LIV_ang_48_0002h_AB_m2_FBS00_0.5mL_nn_di_no_D_206-44-0
1998,CFDA,24h_recovery_of_LIV_ang_48_0002h_CF_m2_FBS00_0.5mL_nn_di_no_D_206-44-0
1998,AB,LIV_ang_48_0048h_AB_m2_FBS00_0.5mL_nn_di_no_D_206-44-0
1998,CFDA,LIV_ang_48_0048h_CF_m2_FBS00_0.5mL_nn_di_no_D_206-44-0
1998,AB,24h_recovery_of_LIV_ang_48_0048h_AB_m2_FBS00_0.5mL_nn_di_no_D_206-44-0
1998,CFDA,24h_recovery_of_LIV_ang_48_0048h_CF_m2_FBS00_0.5mL_nn_di_no_D_206-44-0
1998,AB,LIV_ang_48_0002h_AB_m1_FBS50_0.5mL_nn_di_no_D_206-44-0
1998,CFDA,LIV_ang_48_0002h_CF_m1_FBS50_0.5mL_nn_di_no_D_206-44-0
1998,AB,24h_recovery_of_LIV_ang_48_0002h_AB_m1_FBS50_0.5mL_nn_di_no_D_206-44-0
1998,CFDA,24h_recovery_of_LIV_ang_48_0002h_CF_m1_FBS50_0.5mL_nn_di_no_D_206-44-0
1998,AB,LIV_ang_48_0024h_AB_m1_FBS50_0.5mL_nn_di_no_D_206-44-0
1998,CFDA,LIV_ang_48_0024h_CF_m1_FBS50_0.5mL_nn_di_no_D_206-44-0
1998,AB,24h_recovery_of_LIV_ang_48_0024h_AB_m1_FBS50_0.5mL_nn_di_no_D_206-44-0
1998,CFDA,24h_recovery_of_LIV_ang_48_0024h_CF_m1_FBS50_0.5mL_nn_di_no_D_206-44-0
1998,AB,R01_ang_48_0002h_AB_m2_FBS00_0.5mL_nn_di_no_D_206-44-0
1998,CFDA,R01_ang_48_0002h_CF_m2_FBS00_0.5mL_nn_di_no_D_206-44-0
1998,AB,24h_recovery_of_R01_ang_48_0002h_AB_m2_FBS00_0.5mL_nn_di_no_D_206-44-0
1998,CFDA,24h_recovery_of_R01_ang_48_0002h_CF_m2_FBS00_0.5mL_nn_di_no_D_206-44-0
1998,AB,R01_ang_48_0024h_AB_m2_FBS00_0.5mL_nn_di_no_D_206-44-0
1998,CFDA,R01_ang_48_0024h_CF_m2_FBS00_0.5mL_nn_di_no_D_206-44-0
1998,AB,24h_recovery_of_R01_ang_48_0024h_AB_m2_FBS00_0.5mL_nn_di_no_D_206-44-0
1998,CFDA,24h_recovery_of_R01_ang_48_0024h_CF_m2_FBS00_0.5mL_nn_di_no_D_206-44-0
1998,AB,R01_ang_48_0048h_AB_m2_FBS00_0.5mL_nn_di_no_D_206-44-0
1998,CFDA,R01_ang_48_0048h_CF_m2_FBS00_0.5mL_nn_di_no_D_206-44-0
1998,AB,24h_recovery_of_R01_ang_48_0048h_AB_m2_FBS00_0.5mL_nn_di_no_D_206-44-0
1998,CFDA,24h_recovery_of_R01_ang_48_0048h_CF_m2_FBS00_0.5mL_nn_di_no_D_206-44-0
1998,AB,LIV_ang_48_0002h_AB_m2_FBS00_0.5mL_nn_di_no_D_fluoranthene + Alpha-nf
1998,CFDA,LIV_ang_48_0002h_CF_m2_FBS00_0.5mL_nn_di_no_D_fluoranthene + Alpha-nf
1998,AB,24h_recovery_of_LIV_ang_48_0002h_AB_m2_FBS00_0.5mL_nn_di_no_D_fluoranthene + Alpha-nf
1998,CFDA,24h_recovery_of_LIV_ang_48_0002h_CF_m2_FBS00_0.5mL_nn_di_no_D_fluoranthene + Alpha-nf
1998,AB,LIV_ang_48_0024h_AB_m2_FBS00_0.5mL_nn_di_no_D_fluoranthene + Alpha-nf
1998,CFDA,LIV_ang_48_0024h_CF_m2_FBS00_0.5mL_nn_di_no_D_fluoranthene + Alpha-nf
1998,AB,24h_recovery_of_LIV_ang_48_0024h_AB_m2_FBS00_0.5mL_nn_di_no_D_fluoranthene + Alpha-nf
1998,CFDA,24h_recovery_of_LIV_ang_48_0024h_CF_m2_FBS00_0.5mL_nn_di_no_D_fluoranthene + Alpha-nf
2019,AB,GIL_gay_24_024hh_AB_m1_FBS00_2.5mL_nn_in_no_D_107534-96-3
2019,CFDA,GIL_gay_24_024hh_CF_m1_FBS00_2.5mL_nn_in_no_D_107534-96-3
2019,NR,GIL_gay_24_024hh_NR_m1_FBS00_2.5mL_nn_in_no_D_107534-96-3
2019,AB,GIL_gay_24_024hh_AB_m1_FBS00_2.5mL_nn_in_me_D_107534-96-3
2019,CFDA,GIL_gay_24_024hh_CF_m1_FBS00_2.5mL_nn_in_me_D_107534-96-3
2019,NR,GIL_gay_24_024hh_NR_m1_FBS00_2.5mL_nn_in_me_D_107534-96-3
2019,AB,GUT_gay_24_024hh_AB_m1_FBS00_2.5mL_nn_in_me_D_107534-96-3
2019,CFDA,GUT_gay_24_024hh_CF_m1_FBS00_2.5mL_nn_in_me_D_107534-96-3
2019,NR,GUT_gay_24_024hh_NR_m1_FBS00_2.5mL_nn_in_me_D_107534-96-3
2019,AB,GIL_gay_24_024hh_AB_m1_FBS00_002mL_nn_in_no_D_141517-21-7
2019,CFDA,GIL_gay_24_024hh_CF_m1_FBS00_002mL_nn_in_no_D_141517-21-7
2019,NR,GIL_gay_24_024hh_NR_m1_FBS00_002mL_nn_in_no_D_141517-21-7
2020,AB,GIL_gay_24_024hh_AB_m1_FBS00_2.5mL_nn_in_me_D_141517-21-7
2020,CFDA,GIL_gay_24_024hh_CF_m1_FBS00_2.5mL_nn_in_me_D_141517-21-7
2020,NR,GIL_gay_24_024hh_NR_m1_FBS00_2.5mL_nn_in_me_D_141517-21-7
2020,AB,GUT_gay_24_024hh_AB_m1_FBS00_2.5mL_nn_in_me_D_141517-21-7
2020,CFDA,GUT_gay_24_024hh_CF_m1_FBS00_2.5mL_nn_in_me_D_141517-21-7
2020,NR,GUT_gay_24_024hh_NR_m1_FBS00_2.5mL_nn_in_me_D_141517-21-7
2020,AB,GIL_gay_24_024hh_AB_m1_FBS00_002mL_nn_in_no_D_335104-84-2
2020,CFDA,GIL_gay_24_024hh_CF_m1_FBS00_002mL_nn_in_no_D_335104-84-2
2020,NR,GIL_gay_24_024hh_NR_m1_FBS00_002mL_nn_in_no_D_335104-84-2
2020,AB,GIL_gay_24_024hh_AB_m1_FBS00_2.1mL_nn_in_me_D_335104-84-2
2020,CFDA,GIL_gay_24_024hh_CF_m1_FBS00_2.1mL_nn_in_me_D_335104-84-2
2020,NR,GIL_gay_24_024hh_NR_m1_FBS00_2.1mL_nn_in_me_D_335104-84-2
2020,AB,GUT_gay_24_024hh_AB_m1_FBS00_2.1mL_nn_in_me_D_335104-84-2
2020,CFDA,GUT_gay_24_024hh_CF_m1_FBS00_2.1mL_nn_in_me_D_335104-84-2
2020,NR,GUT_gay_24_024hh_NR_m1_FBS00_2.1mL_nn_in_me_D_335104-84-2
2019,AB,GIL_gay_24_024hh_AB_m1_FBS00_002mL_nn_in_no_D_95-76-1
2019,CFDA,GIL_gay_24_024hh_CF_m1_FBS00_002mL_nn_in_no_D_95-76-1
2019,NR,GIL_gay_24_024hh_NR_m1_FBS00_002mL_nn_in_no_D_95-76-1
2019,AB,GUT_gay_24_024hh_AB_m1_FBS00_002mL_nn_in_no_D_95-76-1
2019,CFDA,GUT_gay_24_024hh_CF_m1_FBS00_002mL_nn_in_no_D_95-76-1
2019,NR,GUT_gay_24_024hh_NR_m1_FBS00_002mL_nn_in_no_D_95-76-1
2020,AB,GIL_fab_24_0048h_AB_m1_FBS00_002mL_nn_in_no_D_84268-36-0
2020,CFDA,GIL_fab_24_0048h_CF_m1_FBS00_002mL_nn_in_no_D_84268-36-0
2020,NR,GIL_fab_24_0048h_NR_m1_FBS00_002mL_nn_in_no_D_84268-36-0
2020,AB,GIL_fab_24_0048h_AB_m1_FBS00_002mL_nn_in_no_D_15307-79-6
2020,CFDA,GIL_fab_24_0048h_CF_m1_FBS00_002mL_nn_in_no_D_15307-79-6
2020,NR,GIL_fab_24_0048h_NR_m1_FBS00_002mL_nn_in_no_D_15307-79-6
2020,AB,GIL_fab_24_0048h_AB_m1_FBS00_002mL_nn_di_no_W_7311-30-0
2020,CFDA,GIL_fab_24_0048h_CF_m1_FBS00_002mL_nn_di_no_W_7311-30-0
2020,NR,GIL_fab_24_0048h_NR_m1_FBS00_002mL_nn_di_no_W_7311-30-0
2007,AB,GIL_fae_24_0024h_AB_m2_FBS00_0.5mL_nn_in_no_0_99576-15-5
2007,CFDA,GIL_fae_24_0024h_CF_m2_FBS00_0.5mL_nn_in_no_0_99576-15-5
2007,AB,GIL_fae_24_0024h_AB_m2_FBS00_0.5mL_nn_in_no_0_4368-56-3
2007,CFDA,GIL_fae_24_0024h_CF_m2_FBS00_0.5mL_nn_in_no_0_4368-56-3
2007,NR,GIL_fae_24_0024h_NR_m2_FBS00_0.5mL_nn_in_no_0_4368-56-3
2007,AB,GIL_fae_24_0024h_AB_m2_FBS00_0.5mL_nn_in_no_0_4399-55-7
2007,CFDA,GIL_fae_24_0024h_CF_m2_FBS00_0.5mL_nn_in_no_0_4399-55-7
2007,NR,GIL_fae_24_0024h_NR_m2_FBS00_0.5mL_nn_in_no_0_4399-55-7
2007,AB,GIL_fae_24_0024h_AB_m2_FBS00_0.5mL_nn_in_no_0_2580-78-1
2007,CFDA,GIL_fae_24_0024h_CF_m2_FBS00_0.5mL_nn_in_no_0_2580-78-1
2007,AB,LIV_fae_24_0024h_AB_m2_FBS00_0.5mL_nn_in_no_0_99576-15-5
2007,CFDA,LIV_fae_24_0024h_CF_m2_FBS00_0.5mL_nn_in_no_0_99576-15-5
2007,AB,LIV_fae_24_0024h_AB_m2_FBS00_0.5mL_nn_in_no_0_4368-56-3
2007,CFDA,LIV_fae_24_0024h_CF_m2_FBS00_0.5mL_nn_in_no_0_4368-56-3
2007,NR,LIV_fae_24_0024h_NR_m2_FBS00_0.5mL_nn_in_no_0_4368-56-3
2007,AB,LIV_fae_24_0024h_AB_m2_FBS00_0.5mL_nn_in_no_0_4399-55-7
2007,CFDA,LIV_fae_24_0024h_CF_m2_FBS00_0.5mL_nn_in_no_0_4399-55-7
2007,NR,LIV_fae_24_0024h_NR_m2_FBS00_0.5mL_nn_in_no_0_4399-55-7
2007,AB,LIV_fae_24_0024h_AB_m2_FBS00_0.5mL_nn_in_no_0_2580-78-1
2007,CFDA,LIV_fae_24_0024h_CF_m2_FBS00_0.5mL_nn_in_no_0_2580-78-1
